{
  "root" : {
    "__class" : "RootNode",
    "children" : [
      {
        "__class" : "FrameNode",
        "aspectRatio" : null,
        "blendingEnabled" : 0,
        "blendingMode" : "normal",
        "bottom" : null,
        "centerAnchorX" : 1.3722222222222222,
        "centerAnchorY" : 1.0188588007736943,
        "children" : [
          {
            "__class" : "CodeComponentNode",
            "aspectRatio" : null,
            "bottom" : null,
            "centerAnchorX" : 0.71356783919597988,
            "centerAnchorY" : 0.09056603773584905,
            "clip" : true,
            "codeComponentIdentifier" : ".\/BalanceDropDown.tsx_BalanceDropDown",
            "codeComponentPackageVersion" : null,
            "codeComponentProps" : {
              "account" : "Company Inc.",
              "balance" : "10000",
              "currency" : "USD",
              "icons" : [
                {
                  "enabled" : true,
                  "type" : "string",
                  "value" : "arrow_downward"
                },
                {
                  "enabled" : true,
                  "type" : "string",
                  "value" : "contacts"
                },
                {
                  "enabled" : true,
                  "type" : "string",
                  "value" : "logout"
                },
                {
                  "enabled" : true,
                  "type" : "string",
                  "value" : "send"
                }
              ],
              "items" : [
                {
                  "enabled" : true,
                  "type" : "string",
                  "value" : "Account"
                },
                {
                  "enabled" : true,
                  "type" : "string",
                  "value" : "Logout"
                },
                {
                  "enabled" : true,
                  "type" : "string",
                  "value" : "Contacts"
                },
                {
                  "enabled" : true,
                  "type" : "string",
                  "value" : "Not"
                }
              ]
            },
            "codeOverrideEnabled" : false,
            "constraintsLocked" : true,
            "duplicatedFrom" : null,
            "exportOptions" : [

            ],
            "fillColor" : "rgba(255,255,255,1)",
            "fillEnabled" : false,
            "fillImage" : null,
            "fillImageOriginalName" : null,
            "fillImagePixelHeight" : null,
            "fillImagePixelWidth" : null,
            "fillImageResize" : "fill",
            "fillType" : "color",
            "height" : 64,
            "heightType" : 0,
            "id" : "uOOrI_41T",
            "intrinsicHeight" : 64,
            "intrinsicWidth" : 300,
            "left" : null,
            "locked" : false,
            "name" : null,
            "opacity" : 1,
            "originalid" : null,
            "parentid" : "P3Iv4Qq8R",
            "previewSettings" : null,
            "radius" : 0,
            "radiusBottomLeft" : 0,
            "radiusBottomRight" : 0,
            "radiusIsRelative" : false,
            "radiusPerCorner" : false,
            "radiusTopLeft" : 0,
            "radiusTopRight" : 0,
            "right" : 64,
            "rotation" : 0,
            "top" : 64,
            "visible" : true,
            "width" : 328,
            "widthType" : 0
          },
          {
            "__class" : "CodeComponentNode",
            "aspectRatio" : null,
            "bottom" : null,
            "centerAnchorX" : 0.67022613065326631,
            "centerAnchorY" : 0.69811320754716977,
            "clip" : true,
            "codeComponentIdentifier" : ".\/SmallButton.tsx_SmallButton",
            "codeComponentPackageVersion" : null,
            "codeComponentProps" : {
              "enabled" : true,
              "icon" : "send",
              "primary" : true,
              "text" : "Small"
            },
            "codeOverrideEnabled" : false,
            "constraintsLocked" : true,
            "duplicatedFrom" : null,
            "exportOptions" : [

            ],
            "fillColor" : "rgba(255,255,255,1)",
            "fillEnabled" : false,
            "fillImage" : null,
            "fillImageOriginalName" : null,
            "fillImagePixelHeight" : null,
            "fillImagePixelWidth" : null,
            "fillImageResize" : "fill",
            "fillType" : "color",
            "height" : 36,
            "heightType" : 0,
            "id" : "KtA_2tzgw",
            "intrinsicHeight" : 36,
            "intrinsicWidth" : 105,
            "left" : null,
            "locked" : false,
            "name" : null,
            "opacity" : 1,
            "originalid" : null,
            "parentid" : "P3Iv4Qq8R",
            "previewSettings" : null,
            "radius" : 0,
            "radiusBottomLeft" : 0,
            "radiusBottomRight" : 0,
            "radiusIsRelative" : false,
            "radiusPerCorner" : false,
            "radiusTopLeft" : 0,
            "radiusTopRight" : 0,
            "right" : 210,
            "rotation" : 0,
            "top" : 722,
            "visible" : true,
            "width" : 105,
            "widthType" : 0
          },
          {
            "__class" : "CodeComponentNode",
            "aspectRatio" : null,
            "bottom" : null,
            "centerAnchorX" : 0.84170854271356788,
            "centerAnchorY" : 0.69811320754716977,
            "clip" : true,
            "codeComponentIdentifier" : ".\/FilterDropdown.tsx_FilterDropdown",
            "codeComponentPackageVersion" : null,
            "codeComponentProps" : {
              "items" : [
                {
                  "enabled" : true,
                  "type" : "string",
                  "value" : "Latest"
                },
                {
                  "enabled" : true,
                  "type" : "string",
                  "value" : "Oldest"
                },
                {
                  "enabled" : true,
                  "type" : "string",
                  "value" : "Alphabetic"
                }
              ]
            },
            "codeOverrideEnabled" : false,
            "constraintsLocked" : true,
            "duplicatedFrom" : null,
            "exportOptions" : [

            ],
            "fillColor" : "rgba(255,255,255,1)",
            "fillEnabled" : false,
            "fillImage" : null,
            "fillImageOriginalName" : null,
            "fillImagePixelHeight" : null,
            "fillImagePixelWidth" : null,
            "fillImageResize" : "fill",
            "fillType" : "color",
            "height" : 36,
            "heightType" : 0,
            "id" : "jbaMnjY4J",
            "intrinsicHeight" : 36,
            "intrinsicWidth" : 116,
            "left" : null,
            "locked" : false,
            "name" : null,
            "opacity" : 1,
            "originalid" : null,
            "parentid" : "P3Iv4Qq8R",
            "previewSettings" : null,
            "radius" : 0,
            "radiusBottomLeft" : 0,
            "radiusBottomRight" : 0,
            "radiusIsRelative" : false,
            "radiusPerCorner" : false,
            "radiusTopLeft" : 0,
            "radiusTopRight" : 0,
            "right" : 68,
            "rotation" : 0,
            "top" : 722,
            "visible" : true,
            "width" : 116,
            "widthType" : 0
          },
          {
            "__class" : "CodeComponentNode",
            "aspectRatio" : null,
            "bottom" : null,
            "centerAnchorX" : 0.45329181494661924,
            "centerAnchorY" : 0.77169811320754722,
            "clip" : true,
            "codeComponentIdentifier" : ".\/TxnCard.tsx_TxnCard",
            "codeComponentPackageVersion" : null,
            "codeComponentProps" : {
              "case" : "Incoming",
              "recipient" : "John Appleseed",
              "time" : "Last week"
            },
            "codeOverrideEnabled" : false,
            "constraintsLocked" : true,
            "duplicatedFrom" : null,
            "exportOptions" : [

            ],
            "fillColor" : "rgba(255,255,255,1)",
            "fillEnabled" : false,
            "fillImage" : null,
            "fillImageOriginalName" : null,
            "fillImagePixelHeight" : null,
            "fillImagePixelWidth" : null,
            "fillImageResize" : "fill",
            "fillType" : "color",
            "height" : 64,
            "heightType" : 0,
            "id" : "jLtZO6SU_",
            "intrinsicHeight" : 64,
            "intrinsicWidth" : 300,
            "left" : 59,
            "locked" : false,
            "name" : null,
            "opacity" : 1,
            "originalid" : null,
            "parentid" : "P3Iv4Qq8R",
            "previewSettings" : null,
            "radius" : 0,
            "radiusBottomLeft" : 0,
            "radiusBottomRight" : 0,
            "radiusIsRelative" : false,
            "radiusPerCorner" : false,
            "radiusTopLeft" : 0,
            "radiusTopRight" : 0,
            "right" : 164,
            "rotation" : 0,
            "top" : 786,
            "visible" : true,
            "width" : 901,
            "widthType" : 0
          },
          {
            "__class" : "FrameNode",
            "aspectRatio" : null,
            "blendingEnabled" : 0,
            "blendingMode" : "normal",
            "bottom" : null,
            "centerAnchorX" : 0.49874371859296485,
            "centerAnchorY" : 0.4037735849056604,
            "children" : [
              {
                "__class" : "FrameNode",
                "aspectRatio" : null,
                "blendingEnabled" : 0,
                "blendingMode" : "normal",
                "bottom" : null,
                "centerAnchorX" : 0.5,
                "centerAnchorY" : 0.11529680365296803,
                "children" : [
                  {
                    "__class" : "CodeComponentNode",
                    "aspectRatio" : null,
                    "bottom" : null,
                    "centerAnchorX" : 0.32258064516129031,
                    "centerAnchorY" : 0.15841584158415842,
                    "clip" : true,
                    "codeComponentIdentifier" : ".\/SectionTitle.tsx_SectionTitle",
                    "codeComponentPackageVersion" : null,
                    "codeComponentProps" : {
                      "text" : "Section Title"
                    },
                    "codeOverrideEnabled" : false,
                    "constraintsLocked" : false,
                    "duplicatedFrom" : null,
                    "exportOptions" : [

                    ],
                    "fillColor" : "rgba(255,255,255,1)",
                    "fillEnabled" : false,
                    "fillImage" : null,
                    "fillImageOriginalName" : null,
                    "fillImagePixelHeight" : null,
                    "fillImagePixelWidth" : null,
                    "fillImageResize" : "fill",
                    "fillType" : "color",
                    "height" : 32,
                    "heightType" : 0,
                    "id" : "qYhj8nxH1",
                    "intrinsicHeight" : null,
                    "intrinsicWidth" : 240,
                    "left" : 0,
                    "locked" : false,
                    "name" : null,
                    "opacity" : 1,
                    "originalid" : null,
                    "parentid" : "M6PgwPY7n",
                    "previewSettings" : null,
                    "radius" : 0,
                    "radiusBottomLeft" : 0,
                    "radiusBottomRight" : 0,
                    "radiusIsRelative" : false,
                    "radiusPerCorner" : false,
                    "radiusTopLeft" : 0,
                    "radiusTopRight" : 0,
                    "right" : null,
                    "rotation" : 0,
                    "top" : 0,
                    "visible" : true,
                    "width" : 240,
                    "widthType" : 0
                  },
                  {
                    "__class" : "CodeComponentNode",
                    "aspectRatio" : null,
                    "bottom" : -4,
                    "centerAnchorX" : 0.5,
                    "centerAnchorY" : 0.70792079207920788,
                    "clip" : true,
                    "codeComponentIdentifier" : ".\/BodyText.tsx_BodyText",
                    "codeComponentPackageVersion" : null,
                    "codeComponentProps" : {
                      "text" : "Lorem ipsum dolor sit amet, consectetur adipiscing elit. In varius in dolor ac euismod. Quisque lacus ligula, tristique eget nisl euismod, feugiat fringilla nisl."
                    },
                    "codeOverrideEnabled" : false,
                    "constraintsLocked" : false,
                    "duplicatedFrom" : null,
                    "exportOptions" : [

                    ],
                    "fillColor" : "rgba(255,255,255,1)",
                    "fillEnabled" : false,
                    "fillImage" : null,
                    "fillImageOriginalName" : null,
                    "fillImagePixelHeight" : null,
                    "fillImagePixelWidth" : null,
                    "fillImageResize" : "fill",
                    "fillType" : "color",
                    "height" : 67,
                    "heightType" : 0,
                    "id" : "NjiJwDTa7",
                    "intrinsicHeight" : 58,
                    "intrinsicWidth" : 394,
                    "left" : null,
                    "locked" : false,
                    "name" : null,
                    "opacity" : 1,
                    "originalid" : null,
                    "parentid" : "M6PgwPY7n",
                    "previewSettings" : null,
                    "radius" : 0,
                    "radiusBottomLeft" : 0,
                    "radiusBottomRight" : 0,
                    "radiusIsRelative" : false,
                    "radiusPerCorner" : false,
                    "radiusTopLeft" : 0,
                    "radiusTopRight" : 0,
                    "right" : null,
                    "rotation" : 0,
                    "top" : null,
                    "visible" : true,
                    "width" : 1,
                    "widthType" : 1
                  }
                ],
                "clip" : false,
                "codeOverrideEnabled" : false,
                "constraintsLocked" : false,
                "duplicatedFrom" : null,
                "exportOptions" : [

                ],
                "fillColor" : "rgba(255,255,255,1)",
                "fillEnabled" : false,
                "fillImage" : null,
                "fillImageOriginalName" : null,
                "fillImagePixelHeight" : null,
                "fillImagePixelWidth" : null,
                "fillImageResize" : "fill",
                "fillType" : "color",
                "framePreset" : null,
                "guidesX" : [

                ],
                "guidesY" : [

                ],
                "height" : 101,
                "heightType" : 0,
                "id" : "M6PgwPY7n",
                "intrinsicHeight" : null,
                "intrinsicWidth" : null,
                "isExternalMaster" : null,
                "isMaster" : false,
                "isTarget" : false,
                "left" : null,
                "locked" : false,
                "name" : null,
                "opacity" : 1,
                "originalid" : null,
                "parentid" : "NOzUyR3g3",
                "previewSettings" : null,
                "radius" : 0,
                "radiusBottomLeft" : 0,
                "radiusBottomRight" : 0,
                "radiusIsRelative" : false,
                "radiusPerCorner" : false,
                "radiusTopLeft" : 0,
                "radiusTopRight" : 0,
                "replicaInfo" : null,
                "right" : null,
                "rotation" : 0,
                "top" : null,
                "visible" : true,
                "width" : 1,
                "widthType" : 1
              },
              {
                "__class" : "CodeComponentNode",
                "aspectRatio" : null,
                "bottom" : null,
                "centerAnchorX" : 0.5,
                "centerAnchorY" : 0.44178082191780821,
                "clip" : true,
                "codeComponentIdentifier" : ".\/TextField.tsx_TextField",
                "codeComponentPackageVersion" : null,
                "codeComponentProps" : {
                  "filled" : true,
                  "icon" : "edit",
                  "label" : "Email",
                  "value" : "my.name@email.com",
                  "withIcon" : true
                },
                "codeOverrideEnabled" : false,
                "constraintsLocked" : true,
                "duplicatedFrom" : null,
                "exportOptions" : [

                ],
                "fillColor" : "rgba(255,255,255,1)",
                "fillEnabled" : false,
                "fillImage" : null,
                "fillImageOriginalName" : null,
                "fillImagePixelHeight" : null,
                "fillImagePixelWidth" : null,
                "fillImageResize" : "fill",
                "fillType" : "color",
                "height" : 55,
                "heightType" : 0,
                "id" : "qFlVXPFvW",
                "intrinsicHeight" : 55,
                "intrinsicWidth" : 328,
                "left" : null,
                "locked" : false,
                "name" : null,
                "opacity" : 1,
                "originalid" : null,
                "parentid" : "NOzUyR3g3",
                "previewSettings" : null,
                "radius" : 0,
                "radiusBottomLeft" : 0,
                "radiusBottomRight" : 0,
                "radiusIsRelative" : false,
                "radiusPerCorner" : false,
                "radiusTopLeft" : 0,
                "radiusTopRight" : 0,
                "right" : null,
                "rotation" : 0,
                "top" : null,
                "visible" : true,
                "width" : 1,
                "widthType" : 1
              },
              {
                "__class" : "CodeComponentNode",
                "aspectRatio" : null,
                "bottom" : null,
                "centerAnchorX" : 0.5,
                "centerAnchorY" : 0.67922374429223742,
                "clip" : true,
                "codeComponentIdentifier" : ".\/TextDropDown.tsx_TextDropDown",
                "codeComponentPackageVersion" : null,
                "codeComponentProps" : {
                  "items" : [
                    {
                      "enabled" : true,
                      "type" : "string",
                      "value" : "United States"
                    },
                    {
                      "enabled" : true,
                      "type" : "string",
                      "value" : "Germany"
                    },
                    {
                      "enabled" : true,
                      "type" : "string",
                      "value" : "Mexico"
                    },
                    {
                      "enabled" : true,
                      "type" : "string",
                      "value" : "Nigeria"
                    }
                  ],
                  "label" : "City",
                  "selected" : true,
                  "selectedItemControl" : "Selected Item",
                  "text" : "Select Country"
                },
                "codeOverrideEnabled" : false,
                "constraintsLocked" : false,
                "duplicatedFrom" : null,
                "exportOptions" : [

                ],
                "fillColor" : "rgba(255,255,255,1)",
                "fillEnabled" : false,
                "fillImage" : null,
                "fillImageOriginalName" : null,
                "fillImagePixelHeight" : null,
                "fillImagePixelWidth" : null,
                "fillImageResize" : "fill",
                "fillType" : "color",
                "height" : 57,
                "heightType" : 0,
                "id" : "S6ZkTVIuk",
                "intrinsicHeight" : 57,
                "intrinsicWidth" : 328,
                "left" : null,
                "locked" : false,
                "name" : null,
                "opacity" : 1,
                "originalid" : null,
                "parentid" : "NOzUyR3g3",
                "previewSettings" : null,
                "radius" : 0,
                "radiusBottomLeft" : 0,
                "radiusBottomRight" : 0,
                "radiusIsRelative" : false,
                "radiusPerCorner" : false,
                "radiusTopLeft" : 0,
                "radiusTopRight" : 0,
                "right" : null,
                "rotation" : 0,
                "top" : null,
                "visible" : true,
                "width" : 1,
                "widthType" : 1
              },
              {
                "__class" : "CodeComponentNode",
                "aspectRatio" : null,
                "bottom" : null,
                "centerAnchorX" : 0.33023255813953489,
                "centerAnchorY" : 0.88812785388127857,
                "clip" : true,
                "codeComponentIdentifier" : ".\/MainButton.tsx_MainButton",
                "codeComponentPackageVersion" : null,
                "codeComponentProps" : {
                  "click" : [

                  ],
                  "enabled" : true,
                  "icon" : "",
                  "primary" : true,
                  "text" : "I'm a button!"
                },
                "codeOverrideEnabled" : false,
                "constraintsLocked" : true,
                "duplicatedFrom" : null,
                "exportOptions" : [

                ],
                "fillColor" : "rgba(255,255,255,1)",
                "fillEnabled" : false,
                "fillImage" : null,
                "fillImageOriginalName" : null,
                "fillImagePixelHeight" : null,
                "fillImagePixelWidth" : null,
                "fillImageResize" : "fill",
                "fillType" : "color",
                "height" : 64,
                "heightType" : 0,
                "id" : "cmLgA1hmV",
                "intrinsicHeight" : 64,
                "intrinsicWidth" : 240,
                "left" : null,
                "locked" : false,
                "name" : null,
                "opacity" : 1,
                "originalid" : null,
                "parentid" : "NOzUyR3g3",
                "previewSettings" : null,
                "radius" : 0,
                "radiusBottomLeft" : 0,
                "radiusBottomRight" : 0,
                "radiusIsRelative" : false,
                "radiusPerCorner" : false,
                "radiusTopLeft" : 0,
                "radiusTopRight" : 0,
                "right" : null,
                "rotation" : 0,
                "top" : null,
                "visible" : true,
                "width" : 1,
                "widthType" : 3
              }
            ],
            "clip" : false,
            "codeOverrideEnabled" : false,
            "constraintsLocked" : false,
            "duplicatedFrom" : null,
            "exportOptions" : [

            ],
            "fillColor" : "rgba(255,255,255,1)",
            "fillEnabled" : false,
            "fillImage" : null,
            "fillImageOriginalName" : null,
            "fillImagePixelHeight" : null,
            "fillImagePixelWidth" : null,
            "fillImageResize" : "fill",
            "fillType" : "color",
            "framePreset" : null,
            "guidesX" : [

            ],
            "guidesY" : [

            ],
            "height" : 438,
            "heightType" : 0,
            "id" : "NOzUyR3g3",
            "intrinsicHeight" : null,
            "intrinsicWidth" : null,
            "isExternalMaster" : null,
            "isMaster" : false,
            "isTarget" : false,
            "left" : null,
            "locked" : false,
            "name" : null,
            "opacity" : 1,
            "originalid" : null,
            "padding" : 0,
            "paddingBottom" : 0,
            "paddingLeft" : 0,
            "paddingPerSide" : false,
            "paddingRight" : 0,
            "paddingTop" : 0,
            "parentid" : "P3Iv4Qq8R",
            "previewSettings" : null,
            "radius" : 0,
            "radiusBottomLeft" : 0,
            "radiusBottomRight" : 0,
            "radiusIsRelative" : false,
            "radiusPerCorner" : false,
            "radiusTopLeft" : 0,
            "radiusTopRight" : 0,
            "replicaInfo" : null,
            "right" : null,
            "rotation" : 0,
            "stackAlignment" : "start",
            "stackDirection" : "vertical",
            "stackDistribution" : "start",
            "stackEnabled" : true,
            "stackGap" : 48,
            "top" : 209,
            "visible" : true,
            "width" : 430,
            "widthType" : 0
          },
          {
            "__class" : "CodeComponentNode",
            "aspectRatio" : null,
            "bottom" : 135,
            "centerAnchorX" : 0.19912060301507536,
            "centerAnchorY" : 0.81227863046044868,
            "clip" : true,
            "codeComponentIdentifier" : ".\/B2BLogo.tsx_B2BLogo",
            "codeComponentPackageVersion" : null,
            "codeComponentProps" : {
              "scale" : 1,
              "shadow" : true
            },
            "codeOverrideEnabled" : false,
            "constraintsLocked" : false,
            "duplicatedFrom" : null,
            "exportOptions" : [

            ],
            "fillColor" : "rgba(255,255,255,1)",
            "fillEnabled" : false,
            "fillImage" : null,
            "fillImageOriginalName" : null,
            "fillImagePixelHeight" : null,
            "fillImagePixelWidth" : null,
            "fillImageResize" : "fill",
            "fillType" : "color",
            "height" : 48,
            "heightType" : 0,
            "id" : "jPOpqJk_q",
            "intrinsicHeight" : 57,
            "intrinsicWidth" : 328,
            "left" : 53,
            "locked" : false,
            "name" : null,
            "opacity" : 1,
            "originalid" : null,
            "parentid" : "P3Iv4Qq8R",
            "previewSettings" : null,
            "radius" : 0,
            "radiusBottomLeft" : 0,
            "radiusBottomRight" : 0,
            "radiusIsRelative" : false,
            "radiusPerCorner" : false,
            "radiusTopLeft" : 0,
            "radiusTopRight" : 0,
            "right" : null,
            "rotation" : 0,
            "top" : null,
            "visible" : true,
            "width" : 211,
            "widthType" : 0
          },
          {
            "__class" : "CodeComponentNode",
            "aspectRatio" : null,
            "bottom" : null,
            "centerAnchorX" : 0.1445729537366548,
            "centerAnchorY" : 0.09056603773584905,
            "clip" : true,
            "codeComponentIdentifier" : ".\/PageTitle.tsx_PageTitle",
            "codeComponentPackageVersion" : null,
            "codeComponentProps" : {
              "case" : false,
              "icon" : "arrow_back",
              "title" : "Back"
            },
            "codeOverrideEnabled" : false,
            "constraintsLocked" : false,
            "duplicatedFrom" : null,
            "exportOptions" : [

            ],
            "fillColor" : "rgba(255,255,255,1)",
            "fillEnabled" : false,
            "fillImage" : null,
            "fillImageOriginalName" : null,
            "fillImagePixelHeight" : null,
            "fillImagePixelWidth" : null,
            "fillImageResize" : "fill",
            "fillType" : "color",
            "height" : 64,
            "heightType" : 0,
            "id" : "YSM7Ve1Z6",
            "intrinsicHeight" : 64,
            "intrinsicWidth" : 211,
            "left" : 64,
            "locked" : false,
            "name" : null,
            "opacity" : 1,
            "originalid" : null,
            "parentid" : "P3Iv4Qq8R",
            "previewSettings" : null,
            "radius" : 0,
            "radiusBottomLeft" : 0,
            "radiusBottomRight" : 0,
            "radiusIsRelative" : false,
            "radiusPerCorner" : false,
            "radiusTopLeft" : 0,
            "radiusTopRight" : 0,
            "right" : null,
            "rotation" : 0,
            "top" : 64,
            "visible" : true,
            "width" : 197,
            "widthType" : 0
          },
          {
            "__class" : "CodeComponentNode",
            "aspectRatio" : null,
            "bottom" : null,
            "centerAnchorX" : 0.42304270462633453,
            "centerAnchorY" : 0.083018867924528297,
            "clip" : true,
            "codeComponentIdentifier" : ".\/TextField\/NewTextField.tsx_NewTextField",
            "codeComponentPackageVersion" : "1.41.0",
            "codeComponentProps" : {
              "icon" : "send",
              "label" : "Something else",
              "withIcon" : true
            },
            "codeOverrideEnabled" : false,
            "constraintsLocked" : false,
            "duplicatedFrom" : [
              "E6c2w9PCD"
            ],
            "exportOptions" : [

            ],
            "fillColor" : "rgba(255,255,255,1)",
            "fillEnabled" : false,
            "fillImage" : null,
            "fillImageOriginalName" : null,
            "fillImagePixelHeight" : null,
            "fillImagePixelWidth" : null,
            "fillImageResize" : "fill",
            "fillType" : "color",
            "height" : 48,
            "heightType" : 0,
            "id" : "RSetwEte8",
            "intrinsicHeight" : 128,
            "intrinsicWidth" : 240,
            "left" : 288,
            "locked" : false,
            "name" : null,
            "opacity" : 1,
            "originalid" : null,
            "parentid" : "P3Iv4Qq8R",
            "previewSettings" : null,
            "radius" : 0,
            "radiusBottomLeft" : 0,
            "radiusBottomRight" : 0,
            "radiusIsRelative" : false,
            "radiusPerCorner" : false,
            "radiusTopLeft" : 0,
            "radiusTopRight" : 0,
            "right" : null,
            "rotation" : 0,
            "top" : 64,
            "visible" : true,
            "width" : 375,
            "widthType" : 0
          }
        ],
        "clip" : true,
        "codeOverrideEnabled" : false,
        "constraintsLocked" : false,
        "duplicatedFrom" : null,
        "exportOptions" : [

        ],
        "fillColor" : "#FAFAFA",
        "fillEnabled" : true,
        "fillImage" : null,
        "fillImageOriginalName" : null,
        "fillImagePixelHeight" : null,
        "fillImagePixelWidth" : null,
        "fillImageResize" : "fill",
        "fillType" : "color",
        "framePreset" : null,
        "guidesX" : [

        ],
        "guidesY" : [

        ],
        "height" : 1060,
        "heightType" : 0,
        "id" : "P3Iv4Qq8R",
        "intrinsicHeight" : null,
        "intrinsicWidth" : null,
        "isExternalMaster" : null,
        "isMaster" : false,
        "isTarget" : false,
        "left" : 3,
        "locked" : false,
        "name" : "Assets",
        "onTap" : [
          {
            "actionIdentifier" : "framer\/useNavigate",
            "controls" : {
              "appearsFrom" : {
                "type" : "segmentedenum",
                "value" : "right"
              },
              "backdropColor" : {
                "type" : "color",
                "value" : "rgba(4,4,15,.4)"
              },
              "target" : {
                "type" : "componentinstance",
                "value" : ""
              },
              "transition" : {
                "type" : "enum",
                "value" : "push"
              },
              "type" : {
                "type" : "segmentedenum",
                "value" : "next"
              }
            },
            "identifier" : "action-migrate-1"
          }
        ],
        "opacity" : 1,
        "originalid" : null,
        "parentid" : "t5I8d3osp",
        "previewSettings" : {
          "__class" : "PreviewSettings",
          "bezel" : false,
          "deviceType" : null,
          "responsive" : false,
          "rotate" : false,
          "touch" : false,
          "zoom" : -1
        },
        "radius" : 0,
        "radiusBottomLeft" : 0,
        "radiusBottomRight" : 0,
        "radiusIsRelative" : false,
        "radiusPerCorner" : false,
        "radiusTopLeft" : 0,
        "radiusTopRight" : 0,
        "replicaInfo" : null,
        "right" : null,
        "rotation" : 0,
        "top" : -221,
        "visible" : true,
        "width" : 1124,
        "widthType" : 0
      },
      {
        "__class" : "FrameNode",
        "aspectRatio" : null,
        "blendingEnabled" : 0,
        "blendingMode" : "normal",
        "bottom" : null,
        "centerAnchorX" : 0,
        "centerAnchorY" : 0,
        "children" : [
          {
            "__class" : "CodeComponentNode",
            "aspectRatio" : null,
            "bottom" : null,
            "centerAnchorX" : 0.5,
            "centerAnchorY" : 0.5,
            "clip" : true,
            "codeComponentIdentifier" : "framer\/Scroll",
            "codeComponentPackageVersion" : null,
            "codeComponentProps" : {
              "children" : [
                {
                  "enabled" : true,
                  "type" : "componentinstance",
                  "value" : "P3Iv4Qq8R"
                }
              ],
              "direction" : "vertical",
              "directionLock" : true,
              "dragEnabled" : true,
              "wheelEnabled" : true
            },
            "codeOverrideEnabled" : false,
            "constraintsLocked" : false,
            "duplicatedFrom" : null,
            "exportOptions" : [

            ],
            "fillColor" : "rgba(255,255,255,1)",
            "fillEnabled" : false,
            "fillImage" : null,
            "fillImageOriginalName" : null,
            "fillImagePixelHeight" : null,
            "fillImagePixelWidth" : null,
            "fillImageResize" : "fill",
            "fillType" : "color",
            "height" : 568,
            "heightType" : 0,
            "id" : "qDKvF2KaV",
            "intrinsicHeight" : null,
            "intrinsicWidth" : null,
            "left" : 0,
            "locked" : false,
            "name" : null,
            "opacity" : 1,
            "originalid" : null,
            "parentid" : "qmFVbz1by",
            "previewSettings" : null,
            "radius" : 0,
            "radiusBottomLeft" : 0,
            "radiusBottomRight" : 0,
            "radiusIsRelative" : false,
            "radiusPerCorner" : false,
            "radiusTopLeft" : 0,
            "radiusTopRight" : 0,
            "right" : 0,
            "rotation" : 0,
            "top" : null,
            "visible" : true,
            "width" : 796,
            "widthType" : 0
          }
        ],
        "clip" : true,
        "codeOverrideEnabled" : false,
        "constraintsLocked" : false,
        "duplicatedFrom" : null,
        "exportOptions" : [

        ],
        "fillColor" : "white",
        "fillEnabled" : true,
        "fillImage" : null,
        "fillImageOriginalName" : null,
        "fillImagePixelHeight" : null,
        "fillImagePixelWidth" : null,
        "fillImageResize" : "fill",
        "fillType" : "color",
        "framePreset" : null,
        "guidesX" : [

        ],
        "guidesY" : [

        ],
        "height" : 568,
        "heightType" : 0,
        "id" : "qmFVbz1by",
        "intrinsicHeight" : null,
        "intrinsicWidth" : null,
        "isExternalMaster" : null,
        "isMaster" : false,
        "isTarget" : false,
        "left" : 3,
        "locked" : false,
        "name" : null,
        "opacity" : 1,
        "originalid" : null,
        "padding" : 0,
        "paddingBottom" : 0,
        "paddingLeft" : 0,
        "paddingPerSide" : false,
        "paddingRight" : 0,
        "paddingTop" : 0,
        "parentid" : "t5I8d3osp",
        "previewSettings" : {
          "__class" : "PreviewSettings",
          "bezel" : false,
          "deviceType" : null,
          "responsive" : true,
          "rotate" : false,
          "touch" : false,
          "zoom" : -1
        },
        "radius" : 0,
        "radiusBottomLeft" : 0,
        "radiusBottomRight" : 0,
        "radiusIsRelative" : false,
        "radiusPerCorner" : false,
        "radiusTopLeft" : 0,
        "radiusTopRight" : 0,
        "replicaInfo" : null,
        "right" : null,
        "rotation" : 0,
        "stackAlignment" : "center",
        "stackDirection" : "horizontal",
        "stackDistribution" : "center",
        "stackEnabled" : false,
        "stackGap" : 10,
        "top" : -913,
        "visible" : true,
        "width" : 796,
        "widthType" : 0
      }
    ],
    "disableBackdropFilters" : false,
    "duplicatedFrom" : null,
    "guidesX" : [

    ],
    "guidesY" : [

    ],
    "homeNodeId" : "P3Iv4Qq8R",
    "id" : "t5I8d3osp",
    "name" : null,
    "originalid" : null,
    "parentid" : null,
    "tokens" : {
      "45e2f54e-993d-4d3e-a277-700c50b69aae" : {
        "__class" : "ColorTokenNode",
        "id" : "45e2f54e-993d-4d3e-a277-700c50b69aae",
        "name" : "mainBlue",
        "value" : "rgb(53, 206, 255)"
      },
      "62cc917e-0d56-4c4a-a891-d00ea35d8713" : {
        "__class" : "ColorTokenNode",
        "id" : "62cc917e-0d56-4c4a-a891-d00ea35d8713",
        "name" : "transparent",
        "value" : "rgba(34, 34, 34, 0)"
      },
      "88e2bf77-8558-44b4-8bcf-662daf3a4a77" : {
        "__class" : "ColorTokenNode",
        "id" : "88e2bf77-8558-44b4-8bcf-662daf3a4a77",
        "name" : "darkerBlue",
        "value" : "rgb(43, 193, 243)"
      },
      "9247dfd1-5faf-45eb-8c4f-de0d8cb20052" : {
        "__class" : "ColorTokenNode",
        "id" : "9247dfd1-5faf-45eb-8c4f-de0d8cb20052",
        "name" : "darkGrey",
        "value" : "rgb(85, 85, 85)"
      },
      "dd691f6a-6753-41ba-964d-132be3f59520" : {
        "__class" : "ColorTokenNode",
        "id" : "dd691f6a-6753-41ba-964d-132be3f59520",
        "name" : "hoverBlue",
        "value" : "rgb(51, 200, 250)"
      },
      "e0203bf4-a668-40e1-ac4a-4d7dbb026198" : {
        "__class" : "ColorTokenNode",
        "id" : "e0203bf4-a668-40e1-ac4a-4d7dbb026198",
        "name" : "lightGrey",
        "value" : "rgb(187, 187, 187)"
      },
      "f9b2ed4a-8153-4a63-927b-87ccf027d2e9" : {
        "__class" : "ColorTokenNode",
        "id" : "f9b2ed4a-8153-4a63-927b-87ccf027d2e9",
        "name" : "gridPink",
        "value" : "rgba(255, 0, 230, 0.54)"
      }
    },
    "tokensIndex" : [
      "45e2f54e-993d-4d3e-a277-700c50b69aae",
      "dd691f6a-6753-41ba-964d-132be3f59520",
      "88e2bf77-8558-44b4-8bcf-662daf3a4a77",
      "9247dfd1-5faf-45eb-8c4f-de0d8cb20052",
      "e0203bf4-a668-40e1-ac4a-4d7dbb026198",
      "62cc917e-0d56-4c4a-a891-d00ea35d8713",
      "f9b2ed4a-8153-4a63-927b-87ccf027d2e9"
    ],
    "visible" : false
  },
  "version" : 66
}